#CALIBRATION,STARTS,20190617,162131666,12592,,,,,,,,,,,,
#CALIBRATION,ENDS,20190617,162140618,21544,successful,,,,,,,,,,,
#EXPERIMENT,START,20190617,162143027,23953,6/17/2019 4:21:43 PM,,,,,,,,,,,
#VIDEO,STARTS,20190617,162143029,23955,G10PandaBaseChengdu,360Video,ERP,3600x1800,10s,29.97fps,QP27,3192k,8bit,H265,,
#VIDEO,ENDS,20190617,162153034,33960,,,,,,,,,,,,
#VIDEO,STARTS,20190617,162156041,36967,G10PandaBaseChengdu,360Video,ERP,3600x1800,10s,29.97fps,QP27,3192k,8bit,H265,,
#VIDEO,ENDS,20190617,162206083,47009,,,,,,,,,,,,
#RATING,STARTS,20190617,162206180,47106,,,,,,,,,,,,
#RATING,ENDS,20190617,162207423,48349,4,1.2396271,G10PandaBaseChengdu,360Video,ERP,3600x1800,10s,29.97fps,QP27,3192k,8bit,H265
#VIDEO,STARTS,20190617,162207424,48350,G9BloomingAppleOrchards,360Video,ERP,4096x2048,10s,29.97fps,QP32,2621k,8bit,H265,,
#VIDEO,ENDS,20190617,162217429,58355,,,,,,,,,,,,
#VIDEO,STARTS,20190617,162220436,61362,G9BloomingAppleOrchards,360Video,ERP,4096x2048,10s,29.97fps,QP32,2621k,8bit,H265,,
#VIDEO,ENDS,20190617,162230456,71382,,,,,,,,,,,,
#RATING,STARTS,20190617,162230570,71496,,,,,,,,,,,,
#RATING,ENDS,20190617,162232027,72953,3,1.4575057,G9BloomingAppleOrchards,360Video,ERP,4096x2048,10s,29.97fps,QP32,2621k,8bit,H265
#VIDEO,STARTS,20190617,162232232,73158,G10PandaBaseChengdu,360Video,ERP,7680x3840,10s,29.97fps,QP42,1084k,8bit,H265,,
#VIDEO,ENDS,20190617,162242259,83185,,,,,,,,,,,,
#VIDEO,STARTS,20190617,162245267,86193,G10PandaBaseChengdu,360Video,ERP,7680x3840,10s,29.97fps,QP42,1084k,8bit,H265,,
#VIDEO,ENDS,20190617,162255285,96211,,,,,,,,,,,,
#RATING,STARTS,20190617,162255656,96583,,,,,,,,,,,,
#RATING,ENDS,20190617,162257037,97963,3,1.381328,G10PandaBaseChengdu,360Video,ERP,7680x3840,10s,29.97fps,QP42,1084k,8bit,H265
#VIDEO,STARTS,20190617,162257910,98836,G9BloomingAppleOrchards,360Video,ERP,6144x3072,10s,29.97fps,crf10,151287k,8bit,H265,,
#VIDEO,ENDS,20190617,162307920,108846,,,,,,,,,,,,
#VIDEO,STARTS,20190617,162310923,111849,G9BloomingAppleOrchards,360Video,ERP,6144x3072,10s,29.97fps,crf10,151287k,8bit,H265,,
#VIDEO,ENDS,20190617,162320954,121880,,,,,,,,,,,,
#RATING,STARTS,20190617,162321196,122123,,,,,,,,,,,,
#RATING,ENDS,20190617,162323532,124458,5,2.3351875,G9BloomingAppleOrchards,360Video,ERP,6144x3072,10s,29.97fps,crf10,151287k,8bit,H265
#VIDEO,STARTS,20190617,162323533,124459,G9BloomingAppleOrchards,360Video,ERP,7680x3840,10s,29.97fps,QP42,1964k,8bit,H265,,
#VIDEO,ENDS,20190617,162333543,134469,,,,,,,,,,,,
#VIDEO,STARTS,20190617,162336546,137472,G9BloomingAppleOrchards,360Video,ERP,7680x3840,10s,29.97fps,QP42,1964k,8bit,H265,,
#VIDEO,ENDS,20190617,162346576,147502,,,,,,,,,,,,
#RATING,STARTS,20190617,162346953,147879,,,,,,,,,,,,
#RATING,ENDS,20190617,162347826,148752,2,0.8730771,G9BloomingAppleOrchards,360Video,ERP,7680x3840,10s,29.97fps,QP42,1964k,8bit,H265
#VIDEO,STARTS,20190617,162349772,150698,G10PandaBaseChengdu,360Video,ERP,7680x3840,10s,29.97fps,crf10,136685k,8bit,H265,,
#VIDEO,ENDS,20190617,162359780,160706,,,,,,,,,,,,
#VIDEO,STARTS,20190617,162402784,163710,G10PandaBaseChengdu,360Video,ERP,7680x3840,10s,29.97fps,crf10,136685k,8bit,H265,,
#VIDEO,ENDS,20190617,162412815,173741,,,,,,,,,,,,
#RATING,STARTS,20190617,162413187,174113,,,,,,,,,,,,
#RATING,ENDS,20190617,162414879,175805,5,1.6908116,G10PandaBaseChengdu,360Video,ERP,7680x3840,10s,29.97fps,crf10,136685k,8bit,H265
#VIDEO,STARTS,20190617,162414880,175806,G9BloomingAppleOrchards,360Video,ERP,4096x2048,10s,29.97fps,QP37,1437k,8bit,H265,,
#VIDEO,ENDS,20190617,162424890,185816,,,,,,,,,,,,
#VIDEO,STARTS,20190617,162427894,188820,G9BloomingAppleOrchards,360Video,ERP,4096x2048,10s,29.97fps,QP37,1437k,8bit,H265,,
#VIDEO,ENDS,20190617,162437925,198851,,,,,,,,,,,,
#RATING,STARTS,20190617,162438034,198960,,,,,,,,,,,,
#RATING,ENDS,20190617,162438850,199776,2,0.8155987,G9BloomingAppleOrchards,360Video,ERP,4096x2048,10s,29.97fps,QP37,1437k,8bit,H265
#VIDEO,STARTS,20190617,162438851,199777,G10PandaBaseChengdu,360Video,ERP,4096x2048,10s,29.97fps,QP32,1587k,8bit,H265,,
#VIDEO,ENDS,20190617,162448873,209800,,,,,,,,,,,,
#VIDEO,STARTS,20190617,162451876,212802,G10PandaBaseChengdu,360Video,ERP,4096x2048,10s,29.97fps,QP32,1587k,8bit,H265,,
#VIDEO,ENDS,20190617,162501906,222832,,,,,,,,,,,,
#RATING,STARTS,20190617,162502022,222948,,,,,,,,,,,,
#RATING,ENDS,20190617,162503792,224718,3,1.7692297,G10PandaBaseChengdu,360Video,ERP,4096x2048,10s,29.97fps,QP32,1587k,8bit,H265
#VIDEO,STARTS,20190617,162503793,224719,G10PandaBaseChengdu,360Video,ERP,2048x1024,10s,29.97fps,QP37,242k,8bit,H265,,
#VIDEO,ENDS,20190617,162513791,234717,,,,,,,,,,,,
#VIDEO,STARTS,20190617,162516797,237723,G10PandaBaseChengdu,360Video,ERP,2048x1024,10s,29.97fps,QP37,242k,8bit,H265,,
#VIDEO,ENDS,20190617,162526816,247742,,,,,,,,,,,,
#RATING,STARTS,20190617,162526853,247779,,,,,,,,,,,,
#RATING,ENDS,20190617,162527864,248790,1,1.0093198,G10PandaBaseChengdu,360Video,ERP,2048x1024,10s,29.97fps,QP37,242k,8bit,H265
#VIDEO,STARTS,20190617,162527865,248791,G10PandaBaseChengdu,360Video,ERP,2048x1024,10s,29.97fps,crf10,20296k,8bit,H265,,
#VIDEO,ENDS,20190617,162537896,258822,,,,,,,,,,,,
#VIDEO,STARTS,20190617,162540901,261827,G10PandaBaseChengdu,360Video,ERP,2048x1024,10s,29.97fps,crf10,20296k,8bit,H265,,
#VIDEO,ENDS,20190617,162550941,271867,,,,,,,,,,,,
#RATING,STARTS,20190617,162550973,271899,,,,,,,,,,,,
#RATING,ENDS,20190617,162552459,273385,3,1.4850157,G10PandaBaseChengdu,360Video,ERP,2048x1024,10s,29.97fps,crf10,20296k,8bit,H265
#VIDEO,STARTS,20190617,162552460,273386,G10PandaBaseChengdu,360Video,ERP,3600x1800,10s,29.97fps,QP42,335k,8bit,H265,,
#VIDEO,ENDS,20190617,162602482,283408,,,,,,,,,,,,
#VIDEO,STARTS,20190617,162605485,286411,G10PandaBaseChengdu,360Video,ERP,3600x1800,10s,29.97fps,QP42,335k,8bit,H265,,
#VIDEO,ENDS,20190617,162615528,296454,,,,,,,,,,,,
#RATING,STARTS,20190617,162615620,296546,,,,,,,,,,,,
#RATING,ENDS,20190617,162617123,298049,1,1.5011358,G10PandaBaseChengdu,360Video,ERP,3600x1800,10s,29.97fps,QP42,335k,8bit,H265
#VIDEO,STARTS,20190617,162617564,298490,G10PandaBaseChengdu,360Video,ERP,7680x3840,10s,29.97fps,QP22,27192k,8bit,H265,,
#VIDEO,ENDS,20190617,162627579,308505,,,,,,,,,,,,
#VIDEO,STARTS,20190617,162630586,311512,G10PandaBaseChengdu,360Video,ERP,7680x3840,10s,29.97fps,QP22,27192k,8bit,H265,,
#VIDEO,ENDS,20190617,162640612,321538,,,,,,,,,,,,
#RATING,STARTS,20190617,162640985,321911,,,,,,,,,,,,
#RATING,ENDS,20190617,162643863,324789,5,2.8778088,G10PandaBaseChengdu,360Video,ERP,7680x3840,10s,29.97fps,QP22,27192k,8bit,H265
#VIDEO,STARTS,20190617,162643864,324790,G10PandaBaseChengdu,360Video,ERP,4096x2048,10s,29.97fps,QP22,10859k,8bit,H265,,
#VIDEO,ENDS,20190617,162653851,334777,,,,,,,,,,,,
#VIDEO,STARTS,20190617,162656858,337784,G10PandaBaseChengdu,360Video,ERP,4096x2048,10s,29.97fps,QP22,10859k,8bit,H265,,
#VIDEO,ENDS,20190617,162706897,347823,,,,,,,,,,,,
#RATING,STARTS,20190617,162707018,347944,,,,,,,,,,,,
#RATING,ENDS,20190617,162708809,349735,4,1.7899381,G10PandaBaseChengdu,360Video,ERP,4096x2048,10s,29.97fps,QP22,10859k,8bit,H265
#VIDEO,STARTS,20190617,162708818,349744,G9BloomingAppleOrchards,360Video,ERP,7680x3840,10s,29.97fps,QP32,7728k,8bit,H265,,
#VIDEO,ENDS,20190617,162718815,359741,,,,,,,,,,,,
#VIDEO,STARTS,20190617,162721818,362744,G9BloomingAppleOrchards,360Video,ERP,7680x3840,10s,29.97fps,QP32,7728k,8bit,H265,,
#VIDEO,ENDS,20190617,162731864,372790,,,,,,,,,,,,
#RATING,STARTS,20190617,162732251,373177,,,,,,,,,,,,
#RATING,ENDS,20190617,162734552,375478,4,2.3004767,G9BloomingAppleOrchards,360Video,ERP,7680x3840,10s,29.97fps,QP32,7728k,8bit,H265
#VIDEO,STARTS,20190617,162734553,375479,G9BloomingAppleOrchards,360Video,ERP,3600x1800,10s,29.97fps,QP27,3858k,8bit,H265,,
#VIDEO,ENDS,20190617,162744570,385496,,,,,,,,,,,,
#VIDEO,STARTS,20190617,162747580,388506,G9BloomingAppleOrchards,360Video,ERP,3600x1800,10s,29.97fps,QP27,3858k,8bit,H265,,
#VIDEO,ENDS,20190617,162757611,398537,,,,,,,,,,,,
#RATING,STARTS,20190617,162757695,398621,,,,,,,,,,,,
#RATING,ENDS,20190617,162758690,399616,2,0.9933733,G9BloomingAppleOrchards,360Video,ERP,3600x1800,10s,29.97fps,QP27,3858k,8bit,H265
#VIDEO,STARTS,20190617,162758691,399617,G10PandaBaseChengdu,360Video,ERP,4096x2048,10s,29.97fps,QP42,400k,8bit,H265,,
#VIDEO,ENDS,20190617,162808701,409627,,,,,,,,,,,,
#VIDEO,STARTS,20190617,162811705,412631,G10PandaBaseChengdu,360Video,ERP,4096x2048,10s,29.97fps,QP42,400k,8bit,H265,,
#VIDEO,ENDS,20190617,162821735,422661,,,,,,,,,,,,
#RATING,STARTS,20190617,162821848,422774,,,,,,,,,,,,
#RATING,ENDS,20190617,162823376,424302,2,1.5266755,G10PandaBaseChengdu,360Video,ERP,4096x2048,10s,29.97fps,QP42,400k,8bit,H265
#VIDEO,STARTS,20190617,162823379,424305,G9BloomingAppleOrchards,360Video,ERP,3600x1800,10s,29.97fps,QP42,588k,8bit,H265,,
#VIDEO,ENDS,20190617,162833375,434301,,,,,,,,,,,,
#VIDEO,STARTS,20190617,162836380,437306,G9BloomingAppleOrchards,360Video,ERP,3600x1800,10s,29.97fps,QP42,588k,8bit,H265,,
#VIDEO,ENDS,20190617,162846411,447337,,,,,,,,,,,,
#RATING,STARTS,20190617,162846501,447427,,,,,,,,,,,,
#RATING,ENDS,20190617,162847715,448642,1,1.2127641,G9BloomingAppleOrchards,360Video,ERP,3600x1800,10s,29.97fps,QP42,588k,8bit,H265
#VIDEO,STARTS,20190617,162847716,448643,G9BloomingAppleOrchards,360Video,ERP,4096x2048,10s,29.97fps,QP42,732k,8bit,H265,,
#VIDEO,ENDS,20190617,162857748,458674,,,,,,,,,,,,
#VIDEO,STARTS,20190617,162900753,461679,G9BloomingAppleOrchards,360Video,ERP,4096x2048,10s,29.97fps,QP42,732k,8bit,H265,,
#VIDEO,ENDS,20190617,162910781,471707,,,,,,,,,,,,
#RATING,STARTS,20190617,162910897,471823,,,,,,,,,,,,
#RATING,ENDS,20190617,162911803,472729,1,0.904672,G9BloomingAppleOrchards,360Video,ERP,4096x2048,10s,29.97fps,QP42,732k,8bit,H265
#VIDEO,STARTS,20190617,162912112,473038,G9BloomingAppleOrchards,360Video,ERP,4096x2048,10s,29.97fps,crf10,73361k,8bit,H265,,
#VIDEO,ENDS,20190617,162922131,483057,,,,,,,,,,,,
#VIDEO,STARTS,20190617,162925135,486061,G9BloomingAppleOrchards,360Video,ERP,4096x2048,10s,29.97fps,crf10,73361k,8bit,H265,,
#VIDEO,ENDS,20190617,162935153,496079,,,,,,,,,,,,
#RATING,STARTS,20190617,162935260,496186,,,,,,,,,,,,
#RATING,ENDS,20190617,162936951,497877,4,1.690018,G9BloomingAppleOrchards,360Video,ERP,4096x2048,10s,29.97fps,crf10,73361k,8bit,H265
#VIDEO,STARTS,20190617,162936953,497879,G10PandaBaseChengdu,360Video,ERP,6144x3072,10s,29.97fps,QP32,3199k,8bit,H265,,
#VIDEO,ENDS,20190617,162946972,507898,,,,,,,,,,,,
#VIDEO,STARTS,20190617,162949978,510904,G10PandaBaseChengdu,360Video,ERP,6144x3072,10s,29.97fps,QP32,3199k,8bit,H265,,
#VIDEO,ENDS,20190617,163000020,520946,,,,,,,,,,,,
#RATING,STARTS,20190617,163000262,521189,,,,,,,,,,,,
#RATING,ENDS,20190617,163002754,523680,4,2.490897,G10PandaBaseChengdu,360Video,ERP,6144x3072,10s,29.97fps,QP32,3199k,8bit,H265
#VIDEO,STARTS,20190617,163002755,523681,G9BloomingAppleOrchards,360Video,ERP,4096x2048,10s,29.97fps,QP27,4925k,8bit,H265,,
#VIDEO,ENDS,20190617,163012777,533703,,,,,,,,,,,,
#VIDEO,STARTS,20190617,163015779,536705,G9BloomingAppleOrchards,360Video,ERP,4096x2048,10s,29.97fps,QP27,4925k,8bit,H265,,
#VIDEO,ENDS,20190617,163025832,546758,,,,,,,,,,,,
#RATING,STARTS,20190617,163025945,546871,,,,,,,,,,,,
#RATING,ENDS,20190617,163026837,547763,3,0.8908744,G9BloomingAppleOrchards,360Video,ERP,4096x2048,10s,29.97fps,QP27,4925k,8bit,H265
#VIDEO,STARTS,20190617,163027029,547956,G9BloomingAppleOrchards,360Video,ERP,6144x3072,10s,29.97fps,QP42,1404k,8bit,H265,,
#VIDEO,ENDS,20190617,163037026,557952,,,,,,,,,,,,
#VIDEO,STARTS,20190617,163040029,560955,G9BloomingAppleOrchards,360Video,ERP,6144x3072,10s,29.97fps,QP42,1404k,8bit,H265,,
#VIDEO,ENDS,20190617,163050071,570997,,,,,,,,,,,,
#RATING,STARTS,20190617,163050312,571238,,,,,,,,,,,,
#RATING,ENDS,20190617,163051242,572168,2,0.9289666,G9BloomingAppleOrchards,360Video,ERP,6144x3072,10s,29.97fps,QP42,1404k,8bit,H265
#VIDEO,STARTS,20190617,163051457,572384,G10PandaBaseChengdu,360Video,ERP,4096x2048,10s,29.97fps,crf10,71459k,8bit,H265,,
#VIDEO,ENDS,20190617,163101475,582401,,,,,,,,,,,,
#VIDEO,STARTS,20190617,163104480,585406,G10PandaBaseChengdu,360Video,ERP,4096x2048,10s,29.97fps,crf10,71459k,8bit,H265,,
#VIDEO,ENDS,20190617,163114502,595429,,,,,,,,,,,,
#RATING,STARTS,20190617,163114622,595548,,,,,,,,,,,,
#RATING,ENDS,20190617,163115615,596541,4,0.9913254,G10PandaBaseChengdu,360Video,ERP,4096x2048,10s,29.97fps,crf10,71459k,8bit,H265
#VIDEO,STARTS,20190617,163115730,596656,G9BloomingAppleOrchards,360Video,ERP,6144x3072,10s,29.97fps,QP37,2635k,8bit,H265,,
#VIDEO,ENDS,20190617,163125735,606661,,,,,,,,,,,,
#VIDEO,STARTS,20190617,163128741,609667,G9BloomingAppleOrchards,360Video,ERP,6144x3072,10s,29.97fps,QP37,2635k,8bit,H265,,
#VIDEO,ENDS,20190617,163138784,619710,,,,,,,,,,,,
#RATING,STARTS,20190617,163139032,619958,,,,,,,,,,,,
#RATING,ENDS,20190617,163139798,620724,3,0.7643879,G9BloomingAppleOrchards,360Video,ERP,6144x3072,10s,29.97fps,QP37,2635k,8bit,H265
#VIDEO,STARTS,20190617,163142047,622973,G9BloomingAppleOrchards,360Video,ERP,7680x3840,10s,29.97fps,crf10,166036k,8bit,H265,,
#VIDEO,ENDS,20190617,163152053,632979,,,,,,,,,,,,
#VIDEO,STARTS,20190617,163155059,635985,G9BloomingAppleOrchards,360Video,ERP,7680x3840,10s,29.97fps,crf10,166036k,8bit,H265,,
#VIDEO,ENDS,20190617,163205097,646023,,,,,,,,,,,,
#RATING,STARTS,20190617,163205496,646422,,,,,,,,,,,,
#RATING,ENDS,20190617,163206662,647588,5,1.1640594,G9BloomingAppleOrchards,360Video,ERP,7680x3840,10s,29.97fps,crf10,166036k,8bit,H265
#VIDEO,STARTS,20190617,163206664,647590,G9BloomingAppleOrchards,360Video,ERP,4096x2048,10s,29.97fps,QP22,10304k,8bit,H265,,
#VIDEO,ENDS,20190617,163216693,657619,,,,,,,,,,,,
#VIDEO,STARTS,20190617,163219698,660624,G9BloomingAppleOrchards,360Video,ERP,4096x2048,10s,29.97fps,QP22,10304k,8bit,H265,,
#VIDEO,ENDS,20190617,163229739,670665,,,,,,,,,,,,
#RATING,STARTS,20190617,163229862,670788,,,,,,,,,,,,
#RATING,ENDS,20190617,163231122,672048,4,1.2596226,G9BloomingAppleOrchards,360Video,ERP,4096x2048,10s,29.97fps,QP22,10304k,8bit,H265
#VIDEO,STARTS,20190617,163231123,672049,G9BloomingAppleOrchards,360Video,ERP,2048x1024,10s,29.97fps,QP27,1270k,8bit,H265,,
#VIDEO,ENDS,20190617,163241131,682057,,,,,,,,,,,,
#VIDEO,STARTS,20190617,163244138,685064,G9BloomingAppleOrchards,360Video,ERP,2048x1024,10s,29.97fps,QP27,1270k,8bit,H265,,
#VIDEO,ENDS,20190617,163254158,695084,,,,,,,,,,,,
#RATING,STARTS,20190617,163254192,695118,,,,,,,,,,,,
#RATING,ENDS,20190617,163255318,696244,1,1.125231,G9BloomingAppleOrchards,360Video,ERP,2048x1024,10s,29.97fps,QP27,1270k,8bit,H265
#VIDEO,STARTS,20190617,163255319,696245,G9BloomingAppleOrchards,360Video,ERP,2048x1024,10s,29.97fps,QP22,2209k,8bit,H265,,
#VIDEO,ENDS,20190617,163305338,706264,,,,,,,,,,,,
#VIDEO,STARTS,20190617,163308342,709268,G9BloomingAppleOrchards,360Video,ERP,2048x1024,10s,29.97fps,QP22,2209k,8bit,H265,,
#VIDEO,ENDS,20190617,163318374,719300,,,,,,,,,,,,
#RATING,STARTS,20190617,163318403,719329,,,,,,,,,,,,
#RATING,ENDS,20190617,163319323,720250,1,0.9187903,G9BloomingAppleOrchards,360Video,ERP,2048x1024,10s,29.97fps,QP22,2209k,8bit,H265
#VIDEO,STARTS,20190617,163319334,720260,G10PandaBaseChengdu,360Video,ERP,3600x1800,10s,29.97fps,crf10,57958k,8bit,H265,,
#VIDEO,ENDS,20190617,163329343,730269,,,,,,,,,,,,
#VIDEO,STARTS,20190617,163332347,733273,G10PandaBaseChengdu,360Video,ERP,3600x1800,10s,29.97fps,crf10,57958k,8bit,H265,,
#VIDEO,ENDS,20190617,163342377,743303,,,,,,,,,,,,
#RATING,STARTS,20190617,163342472,743398,,,,,,,,,,,,
#RATING,ENDS,20190617,163343470,744396,3,0.9974641,G10PandaBaseChengdu,360Video,ERP,3600x1800,10s,29.97fps,crf10,57958k,8bit,H265
#VIDEO,STARTS,20190617,163343664,744590,G9BloomingAppleOrchards,360Video,ERP,6144x3072,10s,29.97fps,QP32,4971k,8bit,H265,,
#VIDEO,ENDS,20190617,163353679,754605,,,,,,,,,,,,
#VIDEO,STARTS,20190617,163356685,757611,G9BloomingAppleOrchards,360Video,ERP,6144x3072,10s,29.97fps,QP32,4971k,8bit,H265,,
#VIDEO,ENDS,20190617,163406717,767643,,,,,,,,,,,,
#RATING,STARTS,20190617,163406964,767890,,,,,,,,,,,,
#RATING,ENDS,20190617,163409004,769930,4,2.0395064,G9BloomingAppleOrchards,360Video,ERP,6144x3072,10s,29.97fps,QP32,4971k,8bit,H265
#VIDEO,STARTS,20190617,163409005,769931,G9BloomingAppleOrchards,360Video,ERP,2048x1024,10s,29.97fps,QP37,408k,8bit,H265,,
#VIDEO,ENDS,20190617,163419029,779955,,,,,,,,,,,,
#VIDEO,STARTS,20190617,163422031,782957,G9BloomingAppleOrchards,360Video,ERP,2048x1024,10s,29.97fps,QP37,408k,8bit,H265,,
#VIDEO,ENDS,20190617,163432060,792987,,,,,,,,,,,,
#RATING,STARTS,20190617,163432084,793010,,,,,,,,,,,,
#RATING,ENDS,20190617,163433202,794128,1,1.1175448,G9BloomingAppleOrchards,360Video,ERP,2048x1024,10s,29.97fps,QP37,408k,8bit,H265
#VIDEO,STARTS,20190617,163433213,794139,G10PandaBaseChengdu,360Video,ERP,6144x3072,10s,29.97fps,QP37,1481k,8bit,H265,,
#VIDEO,ENDS,20190617,163443232,804158,,,,,,,,,,,,
#VIDEO,STARTS,20190617,163446235,807161,G10PandaBaseChengdu,360Video,ERP,6144x3072,10s,29.97fps,QP37,1481k,8bit,H265,,
#VIDEO,ENDS,20190617,163456267,817193,,,,,,,,,,,,
#RATING,STARTS,20190617,163456513,817439,,,,,,,,,,,,
#RATING,ENDS,20190617,163458465,819391,3,1.9519958,G10PandaBaseChengdu,360Video,ERP,6144x3072,10s,29.97fps,QP37,1481k,8bit,H265
#VIDEO,STARTS,20190617,163458701,819627,G9BloomingAppleOrchards,360Video,ERP,7680x3840,10s,29.97fps,QP22,43270k,8bit,H265,,
#VIDEO,ENDS,20190617,163508711,829637,,,,,,,,,,,,
#VIDEO,STARTS,20190617,163511715,832641,G9BloomingAppleOrchards,360Video,ERP,7680x3840,10s,29.97fps,QP22,43270k,8bit,H265,,
#VIDEO,ENDS,20190617,163521744,842670,,,,,,,,,,,,
#RATING,STARTS,20190617,163522109,843035,,,,,,,,,,,,
#RATING,ENDS,20190617,163524110,845036,4,2.0000353,G9BloomingAppleOrchards,360Video,ERP,7680x3840,10s,29.97fps,QP22,43270k,8bit,H265
#VIDEO,STARTS,20190617,163524112,845038,G9BloomingAppleOrchards,360Video,ERP,3600x1800,10s,29.97fps,QP32,2118k,8bit,H265,,
#VIDEO,ENDS,20190617,163534134,855060,,,,,,,,,,,,
#VIDEO,STARTS,20190617,163537136,858062,G9BloomingAppleOrchards,360Video,ERP,3600x1800,10s,29.97fps,QP32,2118k,8bit,H265,,
#VIDEO,ENDS,20190617,163547179,868105,,,,,,,,,,,,
#RATING,STARTS,20190617,163547256,868182,,,,,,,,,,,,
#RATING,ENDS,20190617,163548496,869422,3,1.237323,G9BloomingAppleOrchards,360Video,ERP,3600x1800,10s,29.97fps,QP32,2118k,8bit,H265
#VIDEO,STARTS,20190617,163548698,869624,G9BloomingAppleOrchards,360Video,ERP,6144x3072,10s,29.97fps,QP22,25602k,8bit,H265,,
#VIDEO,ENDS,20190617,163558716,879642,,,,,,,,,,,,
#VIDEO,STARTS,20190617,163601722,882648,G9BloomingAppleOrchards,360Video,ERP,6144x3072,10s,29.97fps,QP22,25602k,8bit,H265,,
#VIDEO,ENDS,20190617,163611742,892668,,,,,,,,,,,,
#RATING,STARTS,20190617,163611980,892906,,,,,,,,,,,,
#RATING,ENDS,20190617,163613705,894631,3,1.72411,G9BloomingAppleOrchards,360Video,ERP,6144x3072,10s,29.97fps,QP22,25602k,8bit,H265
#VIDEO,STARTS,20190617,163613707,894633,G10PandaBaseChengdu,360Video,ERP,2048x1024,10s,29.97fps,QP42,118k,8bit,H265,,
#VIDEO,ENDS,20190617,163623739,904665,,,,,,,,,,,,
#VIDEO,STARTS,20190617,163626741,907667,G10PandaBaseChengdu,360Video,ERP,2048x1024,10s,29.97fps,QP42,118k,8bit,H265,,
#VIDEO,ENDS,20190617,163636772,917698,,,,,,,,,,,,
#RATING,STARTS,20190617,163636796,917722,,,,,,,,,,,,
#RATING,ENDS,20190617,163638516,919442,1,1.7194059,G10PandaBaseChengdu,360Video,ERP,2048x1024,10s,29.97fps,QP42,118k,8bit,H265
#VIDEO,STARTS,20190617,163638527,919453,G10PandaBaseChengdu,360Video,ERP,7680x3840,10s,29.97fps,QP32,4958k,8bit,H265,,
#VIDEO,ENDS,20190617,163648544,929470,,,,,,,,,,,,
#VIDEO,STARTS,20190617,163651550,932476,G10PandaBaseChengdu,360Video,ERP,7680x3840,10s,29.97fps,QP32,4958k,8bit,H265,,
#VIDEO,ENDS,20190617,163701582,942508,,,,,,,,,,,,
#RATING,STARTS,20190617,163701934,942860,,,,,,,,,,,,
#RATING,ENDS,20190617,163703622,944548,4,1.6875541,G10PandaBaseChengdu,360Video,ERP,7680x3840,10s,29.97fps,QP32,4958k,8bit,H265
#VIDEO,STARTS,20190617,163703623,944549,G9BloomingAppleOrchards,360Video,ERP,3600x1800,10s,29.97fps,QP37,1169k,8bit,H265,,
#VIDEO,ENDS,20190617,163713657,954583,,,,,,,,,,,,
#VIDEO,STARTS,20190617,163716659,957585,G9BloomingAppleOrchards,360Video,ERP,3600x1800,10s,29.97fps,QP37,1169k,8bit,H265,,
#VIDEO,ENDS,20190617,163726702,967628,,,,,,,,,,,,
#RATING,STARTS,20190617,163726801,967727,,,,,,,,,,,,
#RATING,ENDS,20190617,163728352,969278,2,1.550499,G9BloomingAppleOrchards,360Video,ERP,3600x1800,10s,29.97fps,QP37,1169k,8bit,H265
#VIDEO,STARTS,20190617,163728354,969280,G9BloomingAppleOrchards,360Video,ERP,3600x1800,10s,29.97fps,crf10,56318k,8bit,H265,,
#VIDEO,ENDS,20190617,163738363,979290,,,,,,,,,,,,
#VIDEO,STARTS,20190617,163741368,982294,G9BloomingAppleOrchards,360Video,ERP,3600x1800,10s,29.97fps,crf10,56318k,8bit,H265,,
#VIDEO,ENDS,20190617,163751409,992335,,,,,,,,,,,,
#RATING,STARTS,20190617,163751490,992416,,,,,,,,,,,,
#RATING,ENDS,20190617,163752311,993237,3,0.8211168,G9BloomingAppleOrchards,360Video,ERP,3600x1800,10s,29.97fps,crf10,56318k,8bit,H265
#VIDEO,STARTS,20190617,163752312,993238,G9BloomingAppleOrchards,360Video,ERP,2048x1024,10s,29.97fps,crf10,15842k,8bit,H265,,
#VIDEO,ENDS,20190617,163802302,1003228,,,,,,,,,,,,
#VIDEO,STARTS,20190617,163805305,1006232,G9BloomingAppleOrchards,360Video,ERP,2048x1024,10s,29.97fps,crf10,15842k,8bit,H265,,
#VIDEO,ENDS,20190617,163815346,1016272,,,,,,,,,,,,
#RATING,STARTS,20190617,163815382,1016309,,,,,,,,,,,,
#RATING,ENDS,20190617,163817299,1018225,2,1.915868,G9BloomingAppleOrchards,360Video,ERP,2048x1024,10s,29.97fps,crf10,15842k,8bit,H265
#VIDEO,STARTS,20190617,163817360,1018286,G9BloomingAppleOrchards,360Video,ERP,7680x3840,10s,29.97fps,QP27,19085k,8bit,H265,,
#VIDEO,ENDS,20190617,163827374,1028300,,,,,,,,,,,,
#VIDEO,STARTS,20190617,163830380,1031306,G9BloomingAppleOrchards,360Video,ERP,7680x3840,10s,29.97fps,QP27,19085k,8bit,H265,,
#VIDEO,ENDS,20190617,163840399,1041325,,,,,,,,,,,,
#RATING,STARTS,20190617,163840753,1041679,,,,,,,,,,,,
#RATING,ENDS,20190617,163842900,1043826,2,2.1464822,G9BloomingAppleOrchards,360Video,ERP,7680x3840,10s,29.97fps,QP27,19085k,8bit,H265
#VIDEO,STARTS,20190617,163842901,1043827,G9BloomingAppleOrchards,360Video,ERP,2048x1024,10s,29.97fps,QP42,200k,8bit,H265,,
#VIDEO,ENDS,20190617,163852922,1053848,,,,,,,,,,,,
#VIDEO,STARTS,20190617,163855927,1056853,G9BloomingAppleOrchards,360Video,ERP,2048x1024,10s,29.97fps,QP42,200k,8bit,H265,,
#VIDEO,ENDS,20190617,163905959,1066885,,,,,,,,,,,,
#RATING,STARTS,20190617,163905985,1066911,,,,,,,,,,,,
#RATING,ENDS,20190617,163907163,1068089,1,1.1757079,G9BloomingAppleOrchards,360Video,ERP,2048x1024,10s,29.97fps,QP42,200k,8bit,H265
#VIDEO,STARTS,20190617,163907290,1068216,G9BloomingAppleOrchards,360Video,ERP,6144x3072,10s,29.97fps,QP27,10684k,8bit,H265,,
#VIDEO,ENDS,20190617,163917293,1078219,,,,,,,,,,,,
#VIDEO,STARTS,20190617,163920299,1081225,G9BloomingAppleOrchards,360Video,ERP,6144x3072,10s,29.97fps,QP27,10684k,8bit,H265,,
#VIDEO,ENDS,20190617,163930332,1091258,,,,,,,,,,,,
#RATING,STARTS,20190617,163930579,1091505,,,,,,,,,,,,
#RATING,ENDS,20190617,163933444,1094370,3,2.8640196,G9BloomingAppleOrchards,360Video,ERP,6144x3072,10s,29.97fps,QP27,10684k,8bit,H265
#VIDEO,STARTS,20190617,163933446,1094372,G9BloomingAppleOrchards,360Video,ERP,2048x1024,10s,29.97fps,QP32,739k,8bit,H265,,
#VIDEO,ENDS,20190617,163943443,1104369,,,,,,,,,,,,
#VIDEO,STARTS,20190617,163946448,1107374,G9BloomingAppleOrchards,360Video,ERP,2048x1024,10s,29.97fps,QP32,739k,8bit,H265,,
#VIDEO,ENDS,20190617,163956490,1117417,,,,,,,,,,,,
#RATING,STARTS,20190617,163956521,1117447,,,,,,,,,,,,
#RATING,ENDS,20190617,163957381,1118307,2,0.8592455,G9BloomingAppleOrchards,360Video,ERP,2048x1024,10s,29.97fps,QP32,739k,8bit,H265
#VIDEO,STARTS,20190617,163957382,1118308,G10PandaBaseChengdu,360Video,ERP,3600x1800,10s,29.97fps,QP22,8661k,8bit,H265,,
#VIDEO,ENDS,20190617,164007382,1128308,,,,,,,,,,,,
#VIDEO,STARTS,20190617,164010395,1131321,G10PandaBaseChengdu,360Video,ERP,3600x1800,10s,29.97fps,QP22,8661k,8bit,H265,,
#VIDEO,ENDS,20190617,164020414,1141340,,,,,,,,,,,,
#RATING,STARTS,20190617,164020501,1141427,,,,,,,,,,,,
#RATING,ENDS,20190617,164021352,1142278,4,0.8498477,G10PandaBaseChengdu,360Video,ERP,3600x1800,10s,29.97fps,QP22,8661k,8bit,H265
#VIDEO,STARTS,20190617,164022339,1143265,G10PandaBaseChengdu,360Video,ERP,7680x3840,10s,29.97fps,QP27,12449k,8bit,H265,,
#VIDEO,ENDS,20190617,164032366,1153292,,,,,,,,,,,,
#VIDEO,STARTS,20190617,164035369,1156295,G10PandaBaseChengdu,360Video,ERP,7680x3840,10s,29.97fps,QP27,12449k,8bit,H265,,
#VIDEO,ENDS,20190617,164045402,1166328,,,,,,,,,,,,
#RATING,STARTS,20190617,164045775,1166701,,,,,,,,,,,,
#RATING,ENDS,20190617,164046573,1167499,5,0.796426,G10PandaBaseChengdu,360Video,ERP,7680x3840,10s,29.97fps,QP27,12449k,8bit,H265
#VIDEO,STARTS,20190617,164046574,1167500,G10PandaBaseChengdu,360Video,ERP,2048x1024,10s,29.97fps,QP32,478k,8bit,H265,,
#VIDEO,ENDS,20190617,164056595,1177521,,,,,,,,,,,,
#VIDEO,STARTS,20190617,164059598,1180524,G10PandaBaseChengdu,360Video,ERP,2048x1024,10s,29.97fps,QP32,478k,8bit,H265,,
#VIDEO,ENDS,20190617,164109642,1190569,,,,,,,,,,,,
#RATING,STARTS,20190617,164109666,1190592,,,,,,,,,,,,
#RATING,ENDS,20190617,164111035,1191961,2,1.3695804,G10PandaBaseChengdu,360Video,ERP,2048x1024,10s,29.97fps,QP32,478k,8bit,H265
#VIDEO,STARTS,20190617,164111036,1191962,G10PandaBaseChengdu,360Video,ERP,4096x2048,10s,29.97fps,QP37,782k,8bit,H265,,
#VIDEO,ENDS,20190617,164121046,1201972,,,,,,,,,,,,
#VIDEO,STARTS,20190617,164124050,1204976,G10PandaBaseChengdu,360Video,ERP,4096x2048,10s,29.97fps,QP37,782k,8bit,H265,,
#VIDEO,ENDS,20190617,164134093,1215019,,,,,,,,,,,,
#RATING,STARTS,20190617,164134196,1215122,,,,,,,,,,,,
#RATING,ENDS,20190617,164135877,1216803,3,1.6801608,G10PandaBaseChengdu,360Video,ERP,4096x2048,10s,29.97fps,QP37,782k,8bit,H265
#VIDEO,STARTS,20190617,164135878,1216804,G10PandaBaseChengdu,360Video,ERP,2048x1024,10s,29.97fps,QP27,1081k,8bit,H265,,
#VIDEO,ENDS,20190617,164145910,1226836,,,,,,,,,,,,
#VIDEO,STARTS,20190617,164148914,1229840,G10PandaBaseChengdu,360Video,ERP,2048x1024,10s,29.97fps,QP27,1081k,8bit,H265,,
#VIDEO,ENDS,20190617,164158958,1239885,,,,,,,,,,,,
#RATING,STARTS,20190617,164158982,1239908,,,,,,,,,,,,
#RATING,ENDS,20190617,164201388,1242314,3,2.4047792,G10PandaBaseChengdu,360Video,ERP,2048x1024,10s,29.97fps,QP27,1081k,8bit,H265
#VIDEO,STARTS,20190617,164201389,1242315,G10PandaBaseChengdu,360Video,ERP,3600x1800,10s,29.97fps,QP32,1289k,8bit,H265,,
#VIDEO,ENDS,20190617,164211422,1252348,,,,,,,,,,,,
#VIDEO,STARTS,20190617,164214426,1255352,G10PandaBaseChengdu,360Video,ERP,3600x1800,10s,29.97fps,QP32,1289k,8bit,H265,,
#VIDEO,ENDS,20190617,164224445,1265371,,,,,,,,,,,,
#RATING,STARTS,20190617,164224530,1265456,,,,,,,,,,,,
#RATING,ENDS,20190617,164225505,1266431,3,0.9737276,G10PandaBaseChengdu,360Video,ERP,3600x1800,10s,29.97fps,QP32,1289k,8bit,H265
#VIDEO,STARTS,20190617,164226614,1267540,G10PandaBaseChengdu,360Video,ERP,6144x3072,10s,29.97fps,crf10,130031k,8bit,H265,,
#VIDEO,ENDS,20190617,164236642,1277568,,,,,,,,,,,,
#VIDEO,STARTS,20190617,164239648,1280574,G10PandaBaseChengdu,360Video,ERP,6144x3072,10s,29.97fps,crf10,130031k,8bit,H265,,
#VIDEO,ENDS,20190617,164249665,1290591,,,,,,,,,,,,
#RATING,STARTS,20190617,164249902,1290828,,,,,,,,,,,,
#RATING,ENDS,20190617,164251854,1292780,4,1.9510609,G10PandaBaseChengdu,360Video,ERP,6144x3072,10s,29.97fps,crf10,130031k,8bit,H265
#VIDEO,STARTS,20190617,164251855,1292781,G9BloomingAppleOrchards,360Video,ERP,7680x3840,10s,29.97fps,QP37,3735k,8bit,H265,,
#VIDEO,ENDS,20190617,164301845,1302771,,,,,,,,,,,,
#VIDEO,STARTS,20190617,164304846,1305772,G9BloomingAppleOrchards,360Video,ERP,7680x3840,10s,29.97fps,QP37,3735k,8bit,H265,,
#VIDEO,ENDS,20190617,164314889,1315815,,,,,,,,,,,,
#RATING,STARTS,20190617,164315242,1316168,,,,,,,,,,,,
#RATING,ENDS,20190617,164317121,1318047,4,1.8778859,G9BloomingAppleOrchards,360Video,ERP,7680x3840,10s,29.97fps,QP37,3735k,8bit,H265
#VIDEO,STARTS,20190617,164317122,1318048,G10PandaBaseChengdu,360Video,ERP,6144x3072,10s,29.97fps,QP27,8439k,8bit,H265,,
#VIDEO,ENDS,20190617,164327152,1328078,,,,,,,,,,,,
#VIDEO,STARTS,20190617,164330158,1331084,G10PandaBaseChengdu,360Video,ERP,6144x3072,10s,29.97fps,QP27,8439k,8bit,H265,,
#VIDEO,ENDS,20190617,164340191,1341117,,,,,,,,,,,,
#RATING,STARTS,20190617,164340421,1341347,,,,,,,,,,,,
#RATING,ENDS,20190617,164343191,1344117,4,2.7684716,G10PandaBaseChengdu,360Video,ERP,6144x3072,10s,29.97fps,QP27,8439k,8bit,H265
#VIDEO,STARTS,20190617,164343192,1344118,G10PandaBaseChengdu,360Video,ERP,6144x3072,10s,29.97fps,QP22,22218k,8bit,H265,,
#VIDEO,ENDS,20190617,164353213,1354139,,,,,,,,,,,,
#VIDEO,STARTS,20190617,164356218,1357144,G10PandaBaseChengdu,360Video,ERP,6144x3072,10s,29.97fps,QP22,22218k,8bit,H265,,
#VIDEO,ENDS,20190617,164406256,1367182,,,,,,,,,,,,
#RATING,STARTS,20190617,164406490,1367416,,,,,,,,,,,,
#RATING,ENDS,20190617,164408088,1369014,4,1.5982296,G10PandaBaseChengdu,360Video,ERP,6144x3072,10s,29.97fps,QP22,22218k,8bit,H265
#VIDEO,STARTS,20190617,164408192,1369119,G10PandaBaseChengdu,360Video,ERP,7680x3840,10s,29.97fps,QP37,2127k,8bit,H265,,
#VIDEO,ENDS,20190617,164418199,1379125,,,,,,,,,,,,
#VIDEO,STARTS,20190617,164421203,1382129,G10PandaBaseChengdu,360Video,ERP,7680x3840,10s,29.97fps,QP37,2127k,8bit,H265,,
#VIDEO,ENDS,20190617,164431233,1392159,,,,,,,,,,,,
#RATING,STARTS,20190617,164431587,1392513,,,,,,,,,,,,
#RATING,ENDS,20190617,164432550,1393476,3,0.9613025,G10PandaBaseChengdu,360Video,ERP,7680x3840,10s,29.97fps,QP37,2127k,8bit,H265
#VIDEO,STARTS,20190617,164432551,1393477,G9BloomingAppleOrchards,360Video,ERP,3600x1800,10s,29.97fps,QP22,7695k,8bit,H265,,
#VIDEO,ENDS,20190617,164442573,1403499,,,,,,,,,,,,
#VIDEO,STARTS,20190617,164445576,1406502,G9BloomingAppleOrchards,360Video,ERP,3600x1800,10s,29.97fps,QP22,7695k,8bit,H265,,
#VIDEO,ENDS,20190617,164455597,1416523,,,,,,,,,,,,
#RATING,STARTS,20190617,164455682,1416608,,,,,,,,,,,,
#RATING,ENDS,20190617,164457795,1418721,3,2.1111661,G9BloomingAppleOrchards,360Video,ERP,3600x1800,10s,29.97fps,QP22,7695k,8bit,H265
#VIDEO,STARTS,20190617,164457796,1418722,G10PandaBaseChengdu,360Video,ERP,6144x3072,10s,29.97fps,QP42,764k,8bit,H265,,
#VIDEO,ENDS,20190617,164507825,1428751,,,,,,,,,,,,
#VIDEO,STARTS,20190617,164510831,1431757,G10PandaBaseChengdu,360Video,ERP,6144x3072,10s,29.97fps,QP42,764k,8bit,H265,,
#VIDEO,ENDS,20190617,164520874,1441800,,,,,,,,,,,,
#RATING,STARTS,20190617,164521110,1442036,,,,,,,,,,,,
#RATING,ENDS,20190617,164522357,1443283,2,1.2456012,G10PandaBaseChengdu,360Video,ERP,6144x3072,10s,29.97fps,QP42,764k,8bit,H265
#VIDEO,STARTS,20190617,164522358,1443284,G10PandaBaseChengdu,360Video,ERP,2048x1024,10s,29.97fps,QP22,2760k,8bit,H265,,
#VIDEO,ENDS,20190617,164532357,1453283,,,,,,,,,,,,
#VIDEO,STARTS,20190617,164535360,1456286,G10PandaBaseChengdu,360Video,ERP,2048x1024,10s,29.97fps,QP22,2760k,8bit,H265,,
#VIDEO,ENDS,20190617,164545390,1466316,,,,,,,,,,,,
#RATING,STARTS,20190617,164545421,1466347,,,,,,,,,,,,
#RATING,ENDS,20190617,164546438,1467364,2,1.0158934,G10PandaBaseChengdu,360Video,ERP,2048x1024,10s,29.97fps,QP22,2760k,8bit,H265
#VIDEO,STARTS,20190617,164546440,1467366,G10PandaBaseChengdu,360Video,ERP,3600x1800,10s,29.97fps,QP37,650k,8bit,H265,,
#VIDEO,ENDS,20190617,164556461,1477387,,,,,,,,,,,,
#VIDEO,STARTS,20190617,164559465,1480391,G10PandaBaseChengdu,360Video,ERP,3600x1800,10s,29.97fps,QP37,650k,8bit,H265,,
#VIDEO,ENDS,20190617,164609497,1490423,,,,,,,,,,,,
#RATING,STARTS,20190617,164609588,1490514,,,,,,,,,,,,
#RATING,ENDS,20190617,164611303,1492229,1,1.7135742,G10PandaBaseChengdu,360Video,ERP,3600x1800,10s,29.97fps,QP37,650k,8bit,H265
#VIDEO,STARTS,20190617,164611304,1492230,G10PandaBaseChengdu,360Video,ERP,4096x2048,10s,29.97fps,QP27,3988k,8bit,H265,,
#VIDEO,ENDS,20190617,164621313,1502239,,,,,,,,,,,,
#VIDEO,STARTS,20190617,164624318,1505244,G10PandaBaseChengdu,360Video,ERP,4096x2048,10s,29.97fps,QP27,3988k,8bit,H265,,
#VIDEO,ENDS,20190617,164634347,1515273,,,,,,,,,,,,
#RATING,STARTS,20190617,164634452,1515378,,,,,,,,,,,,
#RATING,ENDS,20190617,164635553,1516480,3,1.1008349,G10PandaBaseChengdu,360Video,ERP,4096x2048,10s,29.97fps,QP27,3988k,8bit,H265
#EXPERIMENT,ENDS,20190617,164636402,1517328,1493.374235,,,,,,,,,,,
#SUVERY,STARTS,20190617,164700029,19958,,,,,,,,,,,,
#SUVERY,ENDS,20190617,164751781,71710,,,,,,,,,,,,